name,roll_no,branch,year
Ananya Mishra,CSE1001,CSE,1
Samira Acharya,CSE1002,CSE,1
Shaurya Agarwal,CSE1003,CSE,1
Pooja Sen,CSE1004,CSE,1
Mohan Kashyap,CSE1005,CSE,1
Diya Gandhi,CSE1006,CSE,1
Amaya Kapoor,CSE1007,CSE,1
Ira Desai,CSE1008,CSE,1
Harsha Saxena,CSE1009,CSE,1
Deepak Thakur,CSE1010,CSE,1
Janaki Upadhyay,CSE1011,CSE,1
Aisha Kulkarni,CSE1012,CSE,1
Yash Agarwal,CSE1013,CSE,1
Janaki Nambiar,CSE1014,CSE,1
Pooja Joshi,CSE1015,CSE,1
Tara Hiremath,CSE1016,CSE,1
Saanvi Lohia,CSE1017,CSE,1
Kavya Yadav,CSE1018,CSE,1
Mehul Basu,CSE1019,CSE,1
Ira Jain,CSE1020,CSE,1
Ishaan Patel,CSE1021,CSE,1
Karan Dutta,CSE1022,CSE,1
Yug Verma,CSE1023,CSE,1
Komal Nambiar,CSE1024,CSE,1
Dev Shetty,CSE1025,CSE,1
Anika Rastogi,CSE1026,CSE,1
Deepak Malhotra,CSE1027,CSE,1
Rakesh Shetty,CSE1028,CSE,1
Advait Nair,CSE1029,CSE,1
Ishaan Varghese,CSE1030,CSE,1
Farhan Nambiar,CSE1031,CSE,1
Ojas Pillai,CSE1032,CSE,1
Qadir Sridhar,CSE1033,CSE,1
Arjun Mahajan,CSE1034,CSE,1
Vineet Iyer,CSE1035,CSE,1
Zeenat Shah,CSE1036,CSE,1
Avni Jain,CSE1037,CSE,1
Aruna Sridhar,CSE1038,CSE,1
Gauri Shah,CSE1039,CSE,1
Neel Srivastava,CSE1040,CSE,1
Pavan Kashyap,CSE1041,CSE,1
Zoya Thakur,CSE1042,CSE,1
Aruna Saxena,CSE1043,CSE,1
Aruna Ghosh,CSE1044,CSE,1
Karan Verma,CSE1045,CSE,1
Harsha Hiremath,CSE1046,CSE,1
Latha Fernandes,CSE1047,CSE,1
Sahil Kapoor,CSE1048,CSE,1
Jai Trivedi,CSE1049,CSE,1
Qadir Verma,CSE1050,CSE,1
Varun Naidu,ECE1001,ECE,1
Irfan Dixit,ECE1002,ECE,1
Riya Patel,ECE1003,ECE,1
Samar Pandey,ECE1004,ECE,1
Sanya Venkatesh,ECE1005,ECE,1
Diya Fernandes,ECE1006,ECE,1
Varun Lal,ECE1007,ECE,1
Mohan Acharya,ECE1008,ECE,1
Mohan Gupta,ECE1009,ECE,1
Farhan Lal,ECE1010,ECE,1
Mira Rao,ECE1011,ECE,1
Zubin Sridhar,ECE1012,ECE,1
Krishna Mahajan,ECE1013,ECE,1
Latha Iyer,ECE1014,ECE,1
Farhan Mishra,ECE1015,ECE,1
Avni Sinha,ECE1016,ECE,1
Dhruv Sinha,ECE1017,ECE,1
Uday Devaraj,ECE1018,ECE,1
Vineet Dutta,ECE1019,ECE,1
Karan Ojha,ECE1020,ECE,1
Manav Thakur,ECE1021,ECE,1
Ishaan Hegde,ECE1022,ECE,1
Latha Khan,ECE1023,ECE,1
Bhavya Khan,ECE1024,ECE,1
Shreya Mahajan,ECE1025,ECE,1
Ira Qureshi,ECE1026,ECE,1
Wasim Yadav,ECE1027,ECE,1
Nisha Iyer,ECE1028,ECE,1
Chaitra Desai,ECE1029,ECE,1
Zara Basu,ECE1030,ECE,1
Naina Khan,ECE1031,ECE,1
Tanvi Kulkarni,ECE1032,ECE,1
Qadir Zaveri,ECE1033,ECE,1
Pranav Patel,ECE1034,ECE,1
Ritul Thakur,ECE1035,ECE,1
Jaya Sharma,ECE1036,ECE,1
Ishan Agarwal,ECE1037,ECE,1
Chaitra Singh,ECE1038,ECE,1
Anish Iyer,ECE1039,ECE,1
Yamini Srivastava,ECE1040,ECE,1
Avni Wagh,ECE1041,ECE,1
Bharat Chopra,ECE1042,ECE,1
Nandini Pillai,ECE1043,ECE,1
Karan Patel,ECE1044,ECE,1
Farhan Mahajan,ECE1045,ECE,1
Chaitra Nambiar,ECE1046,ECE,1
Tanvi Devaraj,ECE1047,ECE,1
Pranav Fernandes,ECE1048,ECE,1
Charan Zhao,ECE1049,ECE,1
Vikram Ghosh,ECE1050,ECE,1
Advait Hiremath,CSM1001,CSM,1
Shreya Rastogi,CSM1002,CSM,1
Pavan Gopalakrishnan,CSM1003,CSM,1
Divya Mehta,CSM1004,CSM,1
Charan Rastogi,CSM1005,CSM,1
Aditi Xavier,CSM1006,CSM,1
Gopal Rastogi,CSM1007,CSM,1
Gauri Rastogi,CSM1008,CSM,1
Qadir Uttam,CSM1009,CSM,1
Akash Verma,CSM1010,CSM,1
Deepak Lohia,CSM1011,CSM,1
Farhan Shah,CSM1012,CSM,1
Ishan Kulkarni,CSM1013,CSM,1
Ira Kapoor,CSM1014,CSM,1
Kiara Joshi,CSM1015,CSM,1
Veda Kulkarni,CSM1016,CSM,1
Neel Iyengar,CSM1017,CSM,1
Advait Jain,CSM1018,CSM,1
Om Mahajan,CSM1019,CSM,1
Pavan Joshi,CSM1020,CSM,1
Kiara Sridhar,CSM1021,CSM,1
Prithvi Mehta,CSM1022,CSM,1
Samira Chakraborty,CSM1023,CSM,1
Lakshya Shah,CSM1024,CSM,1
Lakshya Yadav,CSM1025,CSM,1
Gopal Zhao,CSM1026,CSM,1
Ayaan Mishra,CSM1027,CSM,1
Shreya Varghese,CSM1028,CSM,1
Deepak Ojha,CSM1029,CSM,1
Pari Iyengar,CSM1030,CSM,1
Gauri Pillai,CSM1031,CSM,1
Tushar Varghese,CSM1032,CSM,1
Yash Jain,CSM1033,CSM,1
Vani Zaveri,CSM1034,CSM,1
Meera Pandey,CSM1035,CSM,1
Samira Verma,CSM1036,CSM,1
Ojas Mehta,CSM1037,CSM,1
Heena Thakur,CSM1038,CSM,1
Manav Bose,CSM1039,CSM,1
Esha Mahajan,CSM1040,CSM,1
Kavya Malhotra,CSM1041,CSM,1
Sahil Saxena,CSM1042,CSM,1
Mohan Jain,CSM1043,CSM,1
Harsha Lal,CSM1044,CSM,1
Qadir Thakur,CSM1045,CSM,1
Vani Shah,CSM1046,CSM,1
Nisha Shetty,CSM1047,CSM,1
Divya Devaraj,CSM1048,CSM,1
Yash Verma,CSM1049,CSM,1
Krishna Mishra,CSM1050,CSM,1
Yamini Saxena,EEE1001,EEE,1
Rohan Nair,EEE1002,EEE,1
Zeenat Reddy,EEE1003,EEE,1
Deepak Pillai,EEE1004,EEE,1
Advait Gopalakrishnan,EEE1005,EEE,1
Anika Ojha,EEE1006,EEE,1
Saanvi Sharma,EEE1007,EEE,1
Samira Mishra,EEE1008,EEE,1
Manav Gupta,EEE1009,EEE,1
Manav Shah,EEE1010,EEE,1
Kunal Joshi,EEE1011,EEE,1
Samira Jain,EEE1012,EEE,1
Komal Venkatesh,EEE1013,EEE,1
Qadir Rao,EEE1014,EEE,1
Anika Nambiar,EEE1015,EEE,1
Krishna Desai,EEE1016,EEE,1
Qadir Devaraj,EEE1017,EEE,1
Zara Trivedi,EEE1018,EEE,1
Ishita Lohia,EEE1019,EEE,1
Yug Ghosh,EEE1020,EEE,1
Sanya Sinha,EEE1021,EEE,1
Tejas Varghese,EEE1022,EEE,1
Farah Acharya,EEE1023,EEE,1
Arnav Iyer,EEE1024,EEE,1
Darsh Srivastava,EEE1025,EEE,1
Arnav Wagh,EEE1026,EEE,1
Darsh Ojha,EEE1027,EEE,1
Gopal Bose,EEE1028,EEE,1
Charan Iyengar,EEE1029,EEE,1
Aisha Sinha,EEE1030,EEE,1
Akash Devaraj,EEE1031,EEE,1
Dev Patel,EEE1032,EEE,1
Rakesh Hegde,EEE1033,EEE,1
Komal Dutta,EEE1034,EEE,1
Qadir Kapoor,EEE1035,EEE,1
Mira Verma,EEE1036,EEE,1
Neel Kulkarni,EEE1037,EEE,1
Bhavin Karnik,EEE1038,EEE,1
Vihaan Yadav,EEE1039,EEE,1
Yash Mishra,EEE1040,EEE,1
Akash Patel,EEE1041,EEE,1
Meera Joshi,EEE1042,EEE,1
Sneha Gandhi,EEE1043,EEE,1
Dev Jain,EEE1044,EEE,1
Nisha Venkatesh,EEE1045,EEE,1
Pooja Patel,EEE1046,EEE,1
Diya Xavier,EEE1047,EEE,1
Anika Devaraj,EEE1048,EEE,1
Varun Reddy,EEE1049,EEE,1
Varun Nambiar,EEE1050,EEE,1
Lakshya Acharya,CIV1001,CIV,1
Vikram Uttam,CIV1002,CIV,1
Heena Saxena,CIV1003,CIV,1
Yash Gopalakrishnan,CIV1004,CIV,1
Usha Sinha,CIV1005,CIV,1
Gauri Mahajan,CIV1006,CIV,1
Akash Dutta,CIV1007,CIV,1
Gopal Kulkarni,CIV1008,CIV,1
Farhan Gupta,CIV1009,CIV,1
Tanvi Pillai,CIV1010,CIV,1
Dhruv Agarwal,CIV1011,CIV,1
Ira Shetty,CIV1012,CIV,1
Darsh Yadav,CIV1013,CIV,1
Riya Wagh,CIV1014,CIV,1
Amaya Rastogi,CIV1015,CIV,1
Latha Zaveri,CIV1016,CIV,1
Vikram Dutta,CIV1017,CIV,1
Sahil Iyer,CIV1018,CIV,1
Dev Verma,CIV1019,CIV,1
Darsh Basu,CIV1020,CIV,1
Ojas Uttam,CIV1021,CIV,1
Arjun Fernandes,CIV1022,CIV,1
Ayaan Thakur,CIV1023,CIV,1
Bharat Fernandes,CIV1024,CIV,1
Tejas Dixit,CIV1025,CIV,1
Sahil Nambiar,CIV1026,CIV,1
Jai Zhao,CIV1027,CIV,1
Anika Hiremath,CIV1028,CIV,1
Ananya Sridhar,CIV1029,CIV,1
Wasim Sinha,CIV1030,CIV,1
Zoya Gopalakrishnan,CIV1031,CIV,1
Gautam Acharya,CIV1032,CIV,1
Pooja Mishra,CIV1033,CIV,1
Akash Naidu,CIV1034,CIV,1
Varun Zaveri,CIV1035,CIV,1
Mira Lal,CIV1036,CIV,1
Tushar Xavier,CIV1037,CIV,1
Pooja Wagh,CIV1038,CIV,1
Deepak Shah,CIV1039,CIV,1
Manav Joshi,CIV1040,CIV,1
Wasim Mahajan,CIV1041,CIV,1
Harsha Chopra,CIV1042,CIV,1
Rohan Wagh,CIV1043,CIV,1
Riya Xavier,CIV1044,CIV,1
Farah Upadhyay,CIV1045,CIV,1
Farah Sharma,CIV1046,CIV,1
Ishaan Lal,CIV1047,CIV,1
Janaki Shah,CIV1048,CIV,1
Rakesh Chakraborty,CIV1049,CIV,1
Bhavya Reddy,CIV1050,CIV,1
Zubin Wagh,MECH1001,MECH,1
Pooja Desai,MECH1002,MECH,1
Uday Gupta,MECH1003,MECH,1
Diya Bose,MECH1004,MECH,1
Aditi Singh,MECH1005,MECH,1
Vani Reddy,MECH1006,MECH,1
Esha Pandey,MECH1007,MECH,1
Naveen Sridhar,MECH1008,MECH,1
Mira Ojha,MECH1009,MECH,1
Vani Saxena,MECH1010,MECH,1
Ishan Srivastava,MECH1011,MECH,1
Karan Chandra,MECH1012,MECH,1
Prithvi Sinha,MECH1013,MECH,1
Aruna Devaraj,MECH1014,MECH,1
Rahul Nambiar,MECH1015,MECH,1
Meera Xavier,MECH1016,MECH,1
Aditi Reddy,MECH1017,MECH,1
Zoya Rao,MECH1018,MECH,1
Yash Shetty,MECH1019,MECH,1
Krishna Ghosh,MECH1020,MECH,1
Deepak Jain,MECH1021,MECH,1
Shreya Thakur,MECH1022,MECH,1
Manav Rastogi,MECH1023,MECH,1
Advait Acharya,MECH1024,MECH,1
Bhavin Hiremath,MECH1025,MECH,1
Harsha Qureshi,MECH1026,MECH,1
Rahul Verma,MECH1027,MECH,1
Aarav Fernandes,MECH1028,MECH,1
Naina Naidu,MECH1029,MECH,1
Aarav Sinha,MECH1030,MECH,1
Rudra Uttam,MECH1031,MECH,1
Krishna Sharma,MECH1032,MECH,1
Ayaan Jain,MECH1033,MECH,1
Irfan Xavier,MECH1034,MECH,1
Avni Verma,MECH1035,MECH,1
Samira Pandey,MECH1036,MECH,1
Gautam Menon,MECH1037,MECH,1
Mehul Chandra,MECH1038,MECH,1
Anish Dutta,MECH1039,MECH,1
Pari Acharya,MECH1040,MECH,1
Janaki Jain,MECH1041,MECH,1
Ritul Uttam,MECH1042,MECH,1
Pooja Chopra,MECH1043,MECH,1
Nikhil Karnik,MECH1044,MECH,1
Aisha Khan,MECH1045,MECH,1
Manav Fernandes,MECH1046,MECH,1
Shreya Menon,MECH1047,MECH,1
Farah Ojha,MECH1048,MECH,1
Sanya Saxena,MECH1049,MECH,1
Nisha Patel,MECH1050,MECH,1
Irfan Pillai,CSD1001,CSD,1
Dhruv Upadhyay,CSD1002,CSD,1
Advait Lohia,CSD1003,CSD,1
Divya Zhao,CSD1004,CSD,1
Ayaan Varghese,CSD1005,CSD,1
Tejas Pandey,CSD1006,CSD,1
Karan Kashyap,CSD1007,CSD,1
Yug Xavier,CSD1008,CSD,1
Esha Pillai,CSD1009,CSD,1
Divya Uttam,CSD1010,CSD,1
Ananya Iyengar,CSD1011,CSD,1
Kiara Khan,CSD1012,CSD,1
Isha Kashyap,CSD1013,CSD,1
Bharat Agarwal,CSD1014,CSD,1
Sneha Kashyap,CSD1015,CSD,1
Jai Dixit,CSD1016,CSD,1
Usha Pandey,CSD1017,CSD,1
Saanvi Malhotra,CSD1018,CSD,1
Neel Singh,CSD1019,CSD,1
Farah Nambiar,CSD1020,CSD,1
Sanya Karnik,CSD1021,CSD,1
Zara Fernandes,CSD1022,CSD,1
Gautam Uttam,CSD1023,CSD,1
Lakshya Mahajan,CSD1024,CSD,1
Gautam Trivedi,CSD1025,CSD,1
Yash Iyengar,CSD1026,CSD,1
Chaitra Uttam,CSD1027,CSD,1
Meera Chakraborty,CSD1028,CSD,1
Avni Kapoor,CSD1029,CSD,1
Vani Verma,CSD1030,CSD,1
Rahul Trivedi,CSD1031,CSD,1
Sahil Chopra,CSD1032,CSD,1
Amaya Pillai,CSD1033,CSD,1
Divya Varghese,CSD1034,CSD,1
Sneha Acharya,CSD1035,CSD,1
Meera Singh,CSD1036,CSD,1
Gautam Lal,CSD1037,CSD,1
Bharat Dutta,CSD1038,CSD,1
Mira Hegde,CSD1039,CSD,1
Naina Bhatt,CSD1040,CSD,1
Rohan Joshi,CSD1041,CSD,1
Heena Pandey,CSD1042,CSD,1
Aruna Shetty,CSD1043,CSD,1
Lakshya Saxena,CSD1044,CSD,1
Arjun Zhao,CSD1045,CSD,1
Pari Kulkarni,CSD1046,CSD,1
Sahil Kulkarni,CSD1047,CSD,1
Kunal Sridhar,CSD1048,CSD,1
Shreya Rao,CSD1049,CSD,1
Yash Gandhi,CSD1050,CSD,1
Chaitra Venkatesh,CSE2001,CSE,2
Uday Kulkarni,CSE2002,CSE,2
Bhavya Upadhyay,CSE2003,CSE,2
Jai Karnik,CSE2004,CSE,2
Sanya Chopra,CSE2005,CSE,2
Nikhil Acharya,CSE2006,CSE,2
Rudra Jain,CSE2007,CSE,2
Aditi Venkatesh,CSE2008,CSE,2
Riya Hegde,CSE2009,CSE,2
Vineet Verma,CSE2010,CSE,2
Shaurya Dutta,CSE2011,CSE,2
Bharat Basu,CSE2012,CSE,2
Mohan Wagh,CSE2013,CSE,2
Bhavya Hiremath,CSE2014,CSE,2
Kavya Gopalakrishnan,CSE2015,CSE,2
Ojas Dixit,CSE2016,CSE,2
Aditi Bose,CSE2017,CSE,2
Uday Xavier,CSE2018,CSE,2
Tushar Gupta,CSE2019,CSE,2
Karan Jain,CSE2020,CSE,2
Naina Ojha,CSE2021,CSE,2
Tejas Gandhi,CSE2022,CSE,2
Akash Rastogi,CSE2023,CSE,2
Komal Mishra,CSE2024,CSE,2
Darsh Gandhi,CSE2025,CSE,2
Pooja Gopalakrishnan,CSE2026,CSE,2
Prithvi Iyengar,CSE2027,CSE,2
Sanya Mahajan,CSE2028,CSE,2
Sahil Fernandes,CSE2029,CSE,2
Aisha Gupta,CSE2030,CSE,2
Darsh Karnik,CSE2031,CSE,2
Gautam Chandra,CSE2032,CSE,2
Esha Agarwal,CSE2033,CSE,2
Pranav Sridhar,CSE2034,CSE,2
Zubin Bhatt,CSE2035,CSE,2
Zoya Khan,CSE2036,CSE,2
Mehul Bose,CSE2037,CSE,2
Farah Joshi,CSE2038,CSE,2
Darsh Chandra,CSE2039,CSE,2
Aditi Karnik,CSE2040,CSE,2
Yash Acharya,CSE2041,CSE,2
Amaya Wagh,CSE2042,CSE,2
Jai Bhatt,CSE2043,CSE,2
Shaurya Sharma,CSE2044,CSE,2
Kiara Lal,CSE2045,CSE,2
Yamini Fernandes,CSE2046,CSE,2
Samar Nambiar,CSE2047,CSE,2
Shaurya Basu,CSE2048,CSE,2
Pavan Basu,CSE2049,CSE,2
Zara Bose,CSE2050,CSE,2
Meera Nair,ECE2001,ECE,2
Gautam Mahajan,ECE2002,ECE,2
Shaurya Shah,ECE2003,ECE,2
Naina Menon,ECE2004,ECE,2
Zara Lohia,ECE2005,ECE,2
Charan Devaraj,ECE2006,ECE,2
Pranav Singh,ECE2007,ECE,2
Zeenat Iyer,ECE2008,ECE,2
Kunal Xavier,ECE2009,ECE,2
Esha Dixit,ECE2010,ECE,2
Nisha Rastogi,ECE2011,ECE,2
Nandini Sen,ECE2012,ECE,2
Chaitra Sinha,ECE2013,ECE,2
Rohan Ghosh,ECE2014,ECE,2
Diya Wagh,ECE2015,ECE,2
Ishita Sen,ECE2016,ECE,2
Uday Khan,ECE2017,ECE,2
Advait Srivastava,ECE2018,ECE,2
Latha Upadhyay,ECE2019,ECE,2
Harsha Trivedi,ECE2020,ECE,2
Esha Kulkarni,ECE2021,ECE,2
Wasim Reddy,ECE2022,ECE,2
Gopal Srivastava,ECE2023,ECE,2
Latha Hegde,ECE2024,ECE,2
Aisha Chandra,ECE2025,ECE,2
Bhavya Ojha,ECE2026,ECE,2
Ishan Ojha,ECE2027,ECE,2
Dev Zaveri,ECE2028,ECE,2
Deepak Verma,ECE2029,ECE,2
Gopal Iyer,ECE2030,ECE,2
Rohan Patel,ECE2031,ECE,2
Aarav Khan,ECE2032,ECE,2
Zoya Sen,ECE2033,ECE,2
Gauri Kapoor,ECE2034,ECE,2
Kiara Sen,ECE2035,ECE,2
Karan Venkatesh,ECE2036,ECE,2
Mohan Karnik,ECE2037,ECE,2
Tushar Mehta,ECE2038,ECE,2
Sanya Kulkarni,ECE2039,ECE,2
Nandini Singh,ECE2040,ECE,2
Advait Sharma,ECE2041,ECE,2
Sanya Zhao,ECE2042,ECE,2
Vihaan Wagh,ECE2043,ECE,2
Gautam Gopalakrishnan,ECE2044,ECE,2
Manav Pandey,ECE2045,ECE,2
Kiara Xavier,ECE2046,ECE,2
Janaki Pillai,ECE2047,ECE,2
Ishita Verma,ECE2048,ECE,2
Prithvi Hegde,ECE2049,ECE,2
Manav Agarwal,ECE2050,ECE,2
Ishan Fernandes,CSM2001,CSM,2
Aditi Ghosh,CSM2002,CSM,2
Karan Naidu,CSM2003,CSM,2
Rahul Iyengar,CSM2004,CSM,2
Ira Sinha,CSM2005,CSM,2
Ayaan Wagh,CSM2006,CSM,2
Bharat Thakur,CSM2007,CSM,2
Kavya Kashyap,CSM2008,CSM,2
Zeenat Varghese,CSM2009,CSM,2
Jai Malhotra,CSM2010,CSM,2
Sahil Pillai,CSM2011,CSM,2
Aisha Lal,CSM2012,CSM,2
Charan Upadhyay,CSM2013,CSM,2
Ishaan Sridhar,CSM2014,CSM,2
Pranav Malhotra,CSM2015,CSM,2
Vineet Kulkarni,CSM2016,CSM,2
Rakesh Kapoor,CSM2017,CSM,2
Neel Dutta,CSM2018,CSM,2
Aisha Shah,CSM2019,CSM,2
Nikhil Dutta,CSM2020,CSM,2
Advait Menon,CSM2021,CSM,2
Nikhil Naidu,CSM2022,CSM,2
Irfan Ghosh,CSM2023,CSM,2
Anish Qureshi,CSM2024,CSM,2
Irfan Kulkarni,CSM2025,CSM,2
Lakshya Jain,CSM2026,CSM,2
Rohan Singh,CSM2027,CSM,2
Gautam Nambiar,CSM2028,CSM,2
Vihaan Malhotra,CSM2029,CSM,2
Gauri Lal,CSM2030,CSM,2
Tara Hegde,CSM2031,CSM,2
Samar Kulkarni,CSM2032,CSM,2
Karan Bose,CSM2033,CSM,2
Jai Gandhi,CSM2034,CSM,2
Rahul Desai,CSM2035,CSM,2
Heena Verma,CSM2036,CSM,2
Charan Verma,CSM2037,CSM,2
Ayaan Upadhyay,CSM2038,CSM,2
Janaki Fernandes,CSM2039,CSM,2
Janaki Thakur,CSM2040,CSM,2
Tara Chakraborty,CSM2041,CSM,2
Ishan Nambiar,CSM2042,CSM,2
Divya Sharma,CSM2043,CSM,2
Amaya Nambiar,CSM2044,CSM,2
Deepak Gopalakrishnan,CSM2045,CSM,2
Arjun Gupta,CSM2046,CSM,2
Advait Kashyap,CSM2047,CSM,2
Darsh Bose,CSM2048,CSM,2
Arnav Sharma,CSM2049,CSM,2
Pavan Nambiar,CSM2050,CSM,2
Isha Ghosh,EEE2001,EEE,2
Irfan Bhatt,EEE2002,EEE,2
Bhavin Acharya,EEE2003,EEE,2
Komal Pandey,EEE2004,EEE,2
Om Desai,EEE2005,EEE,2
Krishna Mehta,EEE2006,EEE,2
Zara Qureshi,EEE2007,EEE,2
Nikhil Saxena,EEE2008,EEE,2
Janaki Varghese,EEE2009,EEE,2
Latha Chopra,EEE2010,EEE,2
Pranav Thakur,EEE2011,EEE,2
Anika Saxena,EEE2012,EEE,2
Neel Nair,EEE2013,EEE,2
Neel Pandey,EEE2014,EEE,2
Krishna Iyengar,EEE2015,EEE,2
Nandini Rastogi,EEE2016,EEE,2
Diya Kulkarni,EEE2017,EEE,2
Komal Qureshi,EEE2018,EEE,2
Veda Khan,EEE2019,EEE,2
Gauri Fernandes,EEE2020,EEE,2
Vineet Karnik,EEE2021,EEE,2
Sanya Fernandes,EEE2022,EEE,2
Shreya Kapoor,EEE2023,EEE,2
Charan Varghese,EEE2024,EEE,2
Zeenat Fernandes,EEE2025,EEE,2
Om Chakraborty,EEE2026,EEE,2
Manav Ojha,EEE2027,EEE,2
Isha Ojha,EEE2028,EEE,2
Ishita Shetty,EEE2029,EEE,2
Aarav Saxena,EEE2030,EEE,2
Krishna Shah,EEE2031,EEE,2
Latha Hiremath,EEE2032,EEE,2
Irfan Thakur,EEE2033,EEE,2
Tara Rastogi,EEE2034,EEE,2
Anika Pandey,EEE2035,EEE,2
Nikhil Qureshi,EEE2036,EEE,2
Jai Sharma,EEE2037,EEE,2
Tushar Gandhi,EEE2038,EEE,2
Esha Reddy,EEE2039,EEE,2
Sanya Hiremath,EEE2040,EEE,2
Dhruv Gandhi,EEE2041,EEE,2
Ritul Shetty,EEE2042,EEE,2
Tanvi Gupta,EEE2043,EEE,2
Tejas Qureshi,EEE2044,EEE,2
Anika Kashyap,EEE2045,EEE,2
Kavya Bhatt,EEE2046,EEE,2
Zoya Kapoor,EEE2047,EEE,2
Yamini Basu,EEE2048,EEE,2
Ishita Iyengar,EEE2049,EEE,2
Anika Dixit,EEE2050,EEE,2
Ishita Zaveri,CIV2001,CIV,2
Anika Zaveri,CIV2002,CIV,2
Nikhil Agarwal,CIV2003,CIV,2
Diya Hiremath,CIV2004,CIV,2
Uday Upadhyay,CIV2005,CIV,2
Amaya Desai,CIV2006,CIV,2
Esha Kashyap,CIV2007,CIV,2
Mira Chakraborty,CIV2008,CIV,2
Shreya Zhao,CIV2009,CIV,2
Samar Patel,CIV2010,CIV,2
Shreya Acharya,CIV2011,CIV,2
Tushar Malhotra,CIV2012,CIV,2
Jaya Kashyap,CIV2013,CIV,2
Meera Fernandes,CIV2014,CIV,2
Tanvi Pandey,CIV2015,CIV,2
Irfan Fernandes,CIV2016,CIV,2
Jaya Mahajan,CIV2017,CIV,2
Sahil Reddy,CIV2018,CIV,2
Darsh Shah,CIV2019,CIV,2
Nandini Mehta,CIV2020,CIV,2
Yash Iyer,CIV2021,CIV,2
Vani Chopra,CIV2022,CIV,2
Charan Sharma,CIV2023,CIV,2
Tanvi Lohia,CIV2024,CIV,2
Divya Malhotra,CIV2025,CIV,2
Darsh Khan,CIV2026,CIV,2
Bhavin Devaraj,CIV2027,CIV,2
Aruna Hiremath,CIV2028,CIV,2
Komal Lal,CIV2029,CIV,2
Akash Gupta,CIV2030,CIV,2
Rohan Rastogi,CIV2031,CIV,2
Mehul Venkatesh,CIV2032,CIV,2
Bhavya Nair,CIV2033,CIV,2
Advait Bhatt,CIV2034,CIV,2
Aruna Karnik,CIV2035,CIV,2
Zubin Chakraborty,CIV2036,CIV,2
Farhan Chopra,CIV2037,CIV,2
Chaitra Chakraborty,CIV2038,CIV,2
Farhan Chakraborty,CIV2039,CIV,2
Tushar Pillai,CIV2040,CIV,2
Mohan Ojha,CIV2041,CIV,2
Pooja Devaraj,CIV2042,CIV,2
Ananya Mehta,CIV2043,CIV,2
Aisha Eapen,CIV2044,CIV,2
Latha Kulkarni,CIV2045,CIV,2
Tara Saxena,CIV2046,CIV,2
Irfan Kashyap,CIV2047,CIV,2
Irfan Kapoor,CIV2048,CIV,2
Naina Dutta,CIV2049,CIV,2
Heena Kashyap,CIV2050,CIV,2
Zubin Kulkarni,MECH2001,MECH,2
Bharat Devaraj,MECH2002,MECH,2
Saanvi Srivastava,MECH2003,MECH,2
Veda Pandey,MECH2004,MECH,2
Pavan Rastogi,MECH2005,MECH,2
Om Mehta,MECH2006,MECH,2
Usha Saxena,MECH2007,MECH,2
Riya Gopalakrishnan,MECH2008,MECH,2
Sanya Desai,MECH2009,MECH,2
Arjun Pandey,MECH2010,MECH,2
Karan Gopalakrishnan,MECH2011,MECH,2
Aarav Malhotra,MECH2012,MECH,2
Rohan Gupta,MECH2013,MECH,2
Esha Mishra,MECH2014,MECH,2
Prithvi Pandey,MECH2015,MECH,2
Chaitra Saxena,MECH2016,MECH,2
Aditi Mehta,MECH2017,MECH,2
Kiara Mishra,MECH2018,MECH,2
Jaya Fernandes,MECH2019,MECH,2
Shaurya Kashyap,MECH2020,MECH,2
Yash Kulkarni,MECH2021,MECH,2
Usha Ghosh,MECH2022,MECH,2
Yug Kashyap,MECH2023,MECH,2
Om Iyengar,MECH2024,MECH,2
Rudra Acharya,MECH2025,MECH,2
Prithvi Lal,MECH2026,MECH,2
Naveen Sen,MECH2027,MECH,2
Chaitra Fernandes,MECH2028,MECH,2
Akash Pandey,MECH2029,MECH,2
Yamini Patel,MECH2030,MECH,2
Isha Jain,MECH2031,MECH,2
Jai Devaraj,MECH2032,MECH,2
Meera Mehta,MECH2033,MECH,2
Charan Acharya,MECH2034,MECH,2
Ira Nambiar,MECH2035,MECH,2
Anika Basu,MECH2036,MECH,2
Heena Gandhi,MECH2037,MECH,2
Gautam Shah,MECH2038,MECH,2
Rudra Sinha,MECH2039,MECH,2
Yash Pandey,MECH2040,MECH,2
Vineet Ojha,MECH2041,MECH,2
Ishita Venkatesh,MECH2042,MECH,2
Ira Agarwal,MECH2043,MECH,2
Prithvi Bhatt,MECH2044,MECH,2
Riya Dutta,MECH2045,MECH,2
Tejas Naidu,MECH2046,MECH,2
Isha Pillai,MECH2047,MECH,2
Deepak Saxena,MECH2048,MECH,2
Shreya Iyer,MECH2049,MECH,2
Rakesh Rastogi,MECH2050,MECH,2
Yash Varghese,CSD2001,CSD,2
Zubin Acharya,CSD2002,CSD,2
Ayaan Trivedi,CSD2003,CSD,2
Bharat Jain,CSD2004,CSD,2
Yash Reddy,CSD2005,CSD,2
Ayaan Gandhi,CSD2006,CSD,2
Bharat Sen,CSD2007,CSD,2
Janaki Chandra,CSD2008,CSD,2
Bhavya Dutta,CSD2009,CSD,2
Usha Eapen,CSD2010,CSD,2
Rahul Bhatt,CSD2011,CSD,2
Samar Nair,CSD2012,CSD,2
Jai Xavier,CSD2013,CSD,2
Qadir Mehta,CSD2014,CSD,2
Pranav Lal,CSD2015,CSD,2
Gauri Gopalakrishnan,CSD2016,CSD,2
Jaya Agarwal,CSD2017,CSD,2
Nandini Xavier,CSD2018,CSD,2
Tushar Sridhar,CSD2019,CSD,2
Kavya Desai,CSD2020,CSD,2
Rahul Kapoor,CSD2021,CSD,2
Krishna Chakraborty,CSD2022,CSD,2
Naina Sridhar,CSD2023,CSD,2
Irfan Menon,CSD2024,CSD,2
Kiara Trivedi,CSD2025,CSD,2
Aisha Acharya,CSD2026,CSD,2
Ananya Sharma,CSD2027,CSD,2
Irfan Desai,CSD2028,CSD,2
Harsha Jain,CSD2029,CSD,2
Avni Fernandes,CSD2030,CSD,2
Samira Bhatt,CSD2031,CSD,2
Isha Chandra,CSD2032,CSD,2
Wasim Devaraj,CSD2033,CSD,2
Saanvi Wagh,CSD2034,CSD,2
Arnav Kulkarni,CSD2035,CSD,2
Chaitra Shetty,CSD2036,CSD,2
Yug Gupta,CSD2037,CSD,2
Vikram Shetty,CSD2038,CSD,2
Krishna Patel,CSD2039,CSD,2
Om Fernandes,CSD2040,CSD,2
Tejas Ojha,CSD2041,CSD,2
Isha Qureshi,CSD2042,CSD,2
Ananya Qureshi,CSD2043,CSD,2
Rudra Chakraborty,CSD2044,CSD,2
Harsha Srivastava,CSD2045,CSD,2
Bharat Ghosh,CSD2046,CSD,2
Kiara Gopalakrishnan,CSD2047,CSD,2
Divya Dixit,CSD2048,CSD,2
Naina Shah,CSD2049,CSD,2
Tejas Desai,CSD2050,CSD,2
Anish Rao,CSE3001,CSE,3
Pooja Zaveri,CSE3002,CSE,3
Rudra Karnik,CSE3003,CSE,3
Bhavya Agarwal,CSE3004,CSE,3
Yamini Acharya,CSE3005,CSE,3
Aarav Pillai,CSE3006,CSE,3
Tanvi Kashyap,CSE3007,CSE,3
Arnav Upadhyay,CSE3008,CSE,3
Vineet Fernandes,CSE3009,CSE,3
Advait Mahajan,CSE3010,CSE,3
Vani Kulkarni,CSE3011,CSE,3
Yamini Sen,CSE3012,CSE,3
Tushar Trivedi,CSE3013,CSE,3
Nisha Ghosh,CSE3014,CSE,3
Anika Kapoor,CSE3015,CSE,3
Pari Trivedi,CSE3016,CSE,3
Karan Hegde,CSE3017,CSE,3
Tejas Iyer,CSE3018,CSE,3
Farah Reddy,CSE3019,CSE,3
Ira Upadhyay,CSE3020,CSE,3
Arjun Shah,CSE3021,CSE,3
Vani Khan,CSE3022,CSE,3
Shreya Mishra,CSE3023,CSE,3
Bhavya Mishra,CSE3024,CSE,3
Ishaan Zaveri,CSE3025,CSE,3
Rahul Chandra,CSE3026,CSE,3
Pavan Upadhyay,CSE3027,CSE,3
Aditi Nair,CSE3028,CSE,3
Rahul Shah,CSE3029,CSE,3
Aditi Sinha,CSE3030,CSE,3
Tushar Eapen,CSE3031,CSE,3
Yug Saxena,CSE3032,CSE,3
Rudra Trivedi,CSE3033,CSE,3
Vineet Naidu,CSE3034,CSE,3
Pooja Iyengar,CSE3035,CSE,3
Aisha Sridhar,CSE3036,CSE,3
Varun Thakur,CSE3037,CSE,3
Farah Singh,CSE3038,CSE,3
Anika Naidu,CSE3039,CSE,3
Meera Bose,CSE3040,CSE,3
Zubin Basu,CSE3041,CSE,3
Latha Gopalakrishnan,CSE3042,CSE,3
Deepak Wagh,CSE3043,CSE,3
Avni Joshi,CSE3044,CSE,3
Riya Shah,CSE3045,CSE,3
Vikram Ojha,CSE3046,CSE,3
Naina Iyer,CSE3047,CSE,3
Advait Dutta,CSE3048,CSE,3
Divya Kulkarni,CSE3049,CSE,3
Arnav Gandhi,CSE3050,CSE,3
Gautam Naidu,ECE3001,ECE,3
Zubin Shah,ECE3002,ECE,3
Dhruv Naidu,ECE3003,ECE,3
Zubin Zaveri,ECE3004,ECE,3
Krishna Kulkarni,ECE3005,ECE,3
Pavan Jain,ECE3006,ECE,3
Kunal Saxena,ECE3007,ECE,3
Vikram Pillai,ECE3008,ECE,3
Aditi Chandra,ECE3009,ECE,3
Pooja Hegde,ECE3010,ECE,3
Kunal Gopalakrishnan,ECE3011,ECE,3
Tara Bose,ECE3012,ECE,3
Komal Eapen,ECE3013,ECE,3
Gauri Ghosh,ECE3014,ECE,3
Gautam Shetty,ECE3015,ECE,3
Zeenat Naidu,ECE3016,ECE,3
Ira Lal,ECE3017,ECE,3
Aditi Sridhar,ECE3018,ECE,3
Mira Venkatesh,ECE3019,ECE,3
Sanya Khan,ECE3020,ECE,3
Rahul Menon,ECE3021,ECE,3
Uday Zaveri,ECE3022,ECE,3
Farhan Naidu,ECE3023,ECE,3
Rohan Chandra,ECE3024,ECE,3
Krishna Lal,ECE3025,ECE,3
Vihaan Sharma,ECE3026,ECE,3
Pranav Sharma,ECE3027,ECE,3
Saanvi Menon,ECE3028,ECE,3
Diya Pandey,ECE3029,ECE,3
Divya Sridhar,ECE3030,ECE,3
Rudra Srivastava,ECE3031,ECE,3
Karan Nair,ECE3032,ECE,3
Lakshya Naidu,ECE3033,ECE,3
Ojas Nair,ECE3034,ECE,3
Krishna Ojha,ECE3035,ECE,3
Yamini Mehta,ECE3036,ECE,3
Tanvi Shetty,ECE3037,ECE,3
Ishita Mishra,ECE3038,ECE,3
Ishan Gopalakrishnan,ECE3039,ECE,3
Uday Venkatesh,ECE3040,ECE,3
Komal Joshi,ECE3041,ECE,3
Kavya Pillai,ECE3042,ECE,3
Nandini Gupta,ECE3043,ECE,3
Gopal Basu,ECE3044,ECE,3
Rahul Chakraborty,ECE3045,ECE,3
Farah Varghese,ECE3046,ECE,3
Ojas Srivastava,ECE3047,ECE,3
Nikhil Devaraj,ECE3048,ECE,3
Tara Gandhi,ECE3049,ECE,3
Dhruv Verma,ECE3050,ECE,3
Avni Patel,CSM3001,CSM,3
Riya Zhao,CSM3002,CSM,3
Bhavin Agarwal,CSM3003,CSM,3
Bhavin Desai,CSM3004,CSM,3
Jai Mahajan,CSM3005,CSM,3
Usha Verma,CSM3006,CSM,3
Irfan Khan,CSM3007,CSM,3
Samar Mishra,CSM3008,CSM,3
Ishita Rao,CSM3009,CSM,3
Isha Uttam,CSM3010,CSM,3
Naina Saxena,CSM3011,CSM,3
Heena Kulkarni,CSM3012,CSM,3
Jaya Hegde,CSM3013,CSM,3
Aarav Desai,CSM3014,CSM,3
Darsh Lal,CSM3015,CSM,3
Mehul Chopra,CSM3016,CSM,3
Wasim Jain,CSM3017,CSM,3
Gauri Bhatt,CSM3018,CSM,3
Rakesh Yadav,CSM3019,CSM,3
Komal Malhotra,CSM3020,CSM,3
Kavya Bose,CSM3021,CSM,3
Neel Sridhar,CSM3022,CSM,3
Mira Mahajan,CSM3023,CSM,3
Sneha Chopra,CSM3024,CSM,3
Zoya Gupta,CSM3025,CSM,3
Nandini Jain,CSM3026,CSM,3
Charan Qureshi,CSM3027,CSM,3
Tara Venkatesh,CSM3028,CSM,3
Farah Dutta,CSM3029,CSM,3
Ayaan Naidu,CSM3030,CSM,3
Avni Malhotra,CSM3031,CSM,3
Om Trivedi,CSM3032,CSM,3
Heena Naidu,CSM3033,CSM,3
Farah Zaveri,CSM3034,CSM,3
Harsha Kashyap,CSM3035,CSM,3
Prithvi Sharma,CSM3036,CSM,3
Karan Sridhar,CSM3037,CSM,3
Dev Thakur,CSM3038,CSM,3
Vihaan Sinha,CSM3039,CSM,3
Gopal Varghese,CSM3040,CSM,3
Jai Uttam,CSM3041,CSM,3
Zeenat Srivastava,CSM3042,CSM,3
Dhruv Mehta,CSM3043,CSM,3
Isha Gandhi,CSM3044,CSM,3
Dev Wagh,CSM3045,CSM,3
Jai Ojha,CSM3046,CSM,3
Ayaan Patel,CSM3047,CSM,3
Ira Kashyap,CSM3048,CSM,3
Pranav Qureshi,CSM3049,CSM,3
Dhruv Joshi,CSM3050,CSM,3
Zeenat Jain,EEE3001,EEE,3
Amaya Kashyap,EEE3002,EEE,3
Shreya Saxena,EEE3003,EEE,3
Pari Chakraborty,EEE3004,EEE,3
Ritul Gandhi,EEE3005,EEE,3
Nikhil Srivastava,EEE3006,EEE,3
Kunal Khan,EEE3007,EEE,3
Tara Dixit,EEE3008,EEE,3
Zeenat Devaraj,EEE3009,EEE,3
Diya Upadhyay,EEE3010,EEE,3
Tejas Agarwal,EEE3011,EEE,3
Kiara Pillai,EEE3012,EEE,3
Shaurya Hegde,EEE3013,EEE,3
Ishaan Sinha,EEE3014,EEE,3
Arjun Chopra,EEE3015,EEE,3
Varun Malhotra,EEE3016,EEE,3
Latha Malhotra,EEE3017,EEE,3
Samira Ojha,EEE3018,EEE,3
Vineet Qureshi,EEE3019,EEE,3
Saanvi Dixit,EEE3020,EEE,3
Sahil Shah,EEE3021,EEE,3
Gautam Ojha,EEE3022,EEE,3
Tara Lal,EEE3023,EEE,3
Rahul Chopra,EEE3024,EEE,3
Kavya Uttam,EEE3025,EEE,3
Veda Rao,EEE3026,EEE,3
Karan Lal,EEE3027,EEE,3
Gauri Bose,EEE3028,EEE,3
Vineet Chakraborty,EEE3029,EEE,3
Chaitra Zaveri,EEE3030,EEE,3
Saanvi Iyer,EEE3031,EEE,3
Lakshya Qureshi,EEE3032,EEE,3
Dhruv Iyer,EEE3033,EEE,3
Heena Chakraborty,EEE3034,EEE,3
Irfan Bose,EEE3035,EEE,3
Aarav Gopalakrishnan,EEE3036,EEE,3
Darsh Jain,EEE3037,EEE,3
Mohan Sharma,EEE3038,EEE,3
Bhavya Kulkarni,EEE3039,EEE,3
Karan Rao,EEE3040,EEE,3
Saanvi Desai,EEE3041,EEE,3
Rahul Gopalakrishnan,EEE3042,EEE,3
Vikram Gupta,EEE3043,EEE,3
Vani Thakur,EEE3044,EEE,3
Advait Bose,EEE3045,EEE,3
Arnav Reddy,EEE3046,EEE,3
Ojas Ojha,EEE3047,EEE,3
Esha Nair,EEE3048,EEE,3
Akash Sridhar,EEE3049,EEE,3
Nikhil Zaveri,EEE3050,EEE,3
Diya Yadav,CIV3001,CIV,3
Divya Sen,CIV3002,CIV,3
Ojas Varghese,CIV3003,CIV,3
Yamini Shetty,CIV3004,CIV,3
Diya Lohia,CIV3005,CIV,3
Zara Rao,CIV3006,CIV,3
Aisha Pandey,CIV3007,CIV,3
Aisha Mishra,CIV3008,CIV,3
Aisha Saxena,CIV3009,CIV,3
Vikram Acharya,CIV3010,CIV,3
Wasim Chakraborty,CIV3011,CIV,3
Veda Iyengar,CIV3012,CIV,3
Vihaan Gupta,CIV3013,CIV,3
Uday Kashyap,CIV3014,CIV,3
Meera Naidu,CIV3015,CIV,3
Tushar Shetty,CIV3016,CIV,3
Saanvi Zhao,CIV3017,CIV,3
Farah Basu,CIV3018,CIV,3
Zoya Karnik,CIV3019,CIV,3
Zeenat Sinha,CIV3020,CIV,3
Varun Acharya,CIV3021,CIV,3
Shreya Lal,CIV3022,CIV,3
Gauri Hegde,CIV3023,CIV,3
Rohan Thakur,CIV3024,CIV,3
Rudra Chopra,CIV3025,CIV,3
Bhavin Ojha,CIV3026,CIV,3
Pari Mishra,CIV3027,CIV,3
Kavya Upadhyay,CIV3028,CIV,3
Sanya Upadhyay,CIV3029,CIV,3
Tanvi Rao,CIV3030,CIV,3
Harsha Agarwal,CIV3031,CIV,3
Zubin Reddy,CIV3032,CIV,3
Usha Devaraj,CIV3033,CIV,3
Neel Rastogi,CIV3034,CIV,3
Dev Eapen,CIV3035,CIV,3
Mehul Hiremath,CIV3036,CIV,3
Dev Upadhyay,CIV3037,CIV,3
Wasim Zhao,CIV3038,CIV,3
Avni Nair,CIV3039,CIV,3
Anika Chandra,CIV3040,CIV,3
Gautam Gandhi,CIV3041,CIV,3
Tanvi Zaveri,CIV3042,CIV,3
Ira Hegde,CIV3043,CIV,3
Prithvi Pillai,CIV3044,CIV,3
Dhruv Sharma,CIV3045,CIV,3
Bhavin Sen,CIV3046,CIV,3
Anish Srivastava,CIV3047,CIV,3
Sneha Iyengar,CIV3048,CIV,3
Vihaan Iyer,CIV3049,CIV,3
Farhan Trivedi,CIV3050,CIV,3
Ishan Xavier,MECH3001,MECH,3
Anish Kulkarni,MECH3002,MECH,3
Harsha Kulkarni,MECH3003,MECH,3
Pooja Chandra,MECH3004,MECH,3
Anika Menon,MECH3005,MECH,3
Gauri Kashyap,MECH3006,MECH,3
Kiara Agarwal,MECH3007,MECH,3
Gopal Hegde,MECH3008,MECH,3
Ayaan Iyengar,MECH3009,MECH,3
Anika Pillai,MECH3010,MECH,3
Kunal Sinha,MECH3011,MECH,3
Diya Rastogi,MECH3012,MECH,3
Zoya Xavier,MECH3013,MECH,3
Lakshya Khan,MECH3014,MECH,3
Darsh Mahajan,MECH3015,MECH,3
Komal Chandra,MECH3016,MECH,3
Bhavya Fernandes,MECH3017,MECH,3
Darsh Sridhar,MECH3018,MECH,3
Anish Basu,MECH3019,MECH,3
Dev Acharya,MECH3020,MECH,3
Qadir Agarwal,MECH3021,MECH,3
Jai Acharya,MECH3022,MECH,3
Kiara Malhotra,MECH3023,MECH,3
Shreya Jain,MECH3024,MECH,3
Rakesh Verma,MECH3025,MECH,3
Mira Reddy,MECH3026,MECH,3
Kiara Uttam,MECH3027,MECH,3
Jaya Gopalakrishnan,MECH3028,MECH,3
Naveen Khan,MECH3029,MECH,3
Rahul Devaraj,MECH3030,MECH,3
Pooja Fernandes,MECH3031,MECH,3
Manav Venkatesh,MECH3032,MECH,3
Sneha Trivedi,MECH3033,MECH,3
Rudra Yadav,MECH3034,MECH,3
Ira Dixit,MECH3035,MECH,3
Amaya Lal,MECH3036,MECH,3
Mira Srivastava,MECH3037,MECH,3
Krishna Agarwal,MECH3038,MECH,3
Pooja Naidu,MECH3039,MECH,3
Yamini Malhotra,MECH3040,MECH,3
Shaurya Thakur,MECH3041,MECH,3
Nandini Kulkarni,MECH3042,MECH,3
Latha Chandra,MECH3043,MECH,3
Bhavya Iyer,MECH3044,MECH,3
Ritul Dixit,MECH3045,MECH,3
Anika Dutta,MECH3046,MECH,3
Aditi Sharma,MECH3047,MECH,3
Vani Dixit,MECH3048,MECH,3
Esha Nambiar,MECH3049,MECH,3
Veda Xavier,MECH3050,MECH,3
Samar Ghosh,CSD3001,CSD,3
Kunal Yadav,CSD3002,CSD,3
Dev Gandhi,CSD3003,CSD,3
Saanvi Naidu,CSD3004,CSD,3
Esha Kapoor,CSD3005,CSD,3
Riya Agarwal,CSD3006,CSD,3
Pavan Kulkarni,CSD3007,CSD,3
Ishan Thakur,CSD3008,CSD,3
Usha Mehta,CSD3009,CSD,3
Isha Lal,CSD3010,CSD,3
Pooja Reddy,CSD3011,CSD,3
Esha Thakur,CSD3012,CSD,3
Chaitra Kapoor,CSD3013,CSD,3
Vikram Gopalakrishnan,CSD3014,CSD,3
Irfan Zaveri,CSD3015,CSD,3
Bharat Khan,CSD3016,CSD,3
Tara Sen,CSD3017,CSD,3
Mohan Saxena,CSD3018,CSD,3
Zoya Chopra,CSD3019,CSD,3
Nisha Hiremath,CSD3020,CSD,3
Kavya Saxena,CSD3021,CSD,3
Veda Verma,CSD3022,CSD,3
Pavan Zaveri,CSD3023,CSD,3
Krishna Eapen,CSD3024,CSD,3
Ishan Karnik,CSD3025,CSD,3
Vihaan Gopalakrishnan,CSD3026,CSD,3
Naina Agarwal,CSD3027,CSD,3
Janaki Kashyap,CSD3028,CSD,3
Samira Joshi,CSD3029,CSD,3
Pooja Acharya,CSD3030,CSD,3
Mira Shetty,CSD3031,CSD,3
Nikhil Nair,CSD3032,CSD,3
Vikram Eapen,CSD3033,CSD,3
Pari Ghosh,CSD3034,CSD,3
Kunal Nambiar,CSD3035,CSD,3
Akash Iyengar,CSD3036,CSD,3
Manav Sinha,CSD3037,CSD,3
Jai Dutta,CSD3038,CSD,3
Tejas Reddy,CSD3039,CSD,3
Saanvi Bose,CSD3040,CSD,3
Darsh Wagh,CSD3041,CSD,3
Nandini Srivastava,CSD3042,CSD,3
Darsh Qureshi,CSD3043,CSD,3
Mehul Verma,CSD3044,CSD,3
Krishna Joshi,CSD3045,CSD,3
Nikhil Dixit,CSD3046,CSD,3
Bharat Mehta,CSD3047,CSD,3
Om Rao,CSD3048,CSD,3
Prithvi Reddy,CSD3049,CSD,3
Arnav Dutta,CSD3050,CSD,3
Dhruv Ojha,CSE4001,CSE,4
Aditi Zaveri,CSE4002,CSE,4
Zubin Yadav,CSE4003,CSE,4
Ananya Pandey,CSE4004,CSE,4
Dev Basu,CSE4005,CSE,4
Neel Naidu,CSE4006,CSE,4
Karan Dixit,CSE4007,CSE,4
Kunal Rao,CSE4008,CSE,4
Sneha Uttam,CSE4009,CSE,4
Jai Thakur,CSE4010,CSE,4
Anish Yadav,CSE4011,CSE,4
Darsh Naidu,CSE4012,CSE,4
Sahil Hiremath,CSE4013,CSE,4
Sanya Gupta,CSE4014,CSE,4
Kunal Pillai,CSE4015,CSE,4
Anika Sen,CSE4016,CSE,4
Esha Naidu,CSE4017,CSE,4
Kunal Upadhyay,CSE4018,CSE,4
Anika Mehta,CSE4019,CSE,4
Sneha Reddy,CSE4020,CSE,4
Ojas Iyer,CSE4021,CSE,4
Mohan Patel,CSE4022,CSE,4
Isha Iyer,CSE4023,CSE,4
Vani Yadav,CSE4024,CSE,4
Usha Rastogi,CSE4025,CSE,4
Pranav Reddy,CSE4026,CSE,4
Naveen Sinha,CSE4027,CSE,4
Deepak Nambiar,CSE4028,CSE,4
Esha Hiremath,CSE4029,CSE,4
Ojas Kulkarni,CSE4030,CSE,4
Samar Pillai,CSE4031,CSE,4
Anish Xavier,CSE4032,CSE,4
Zeenat Kashyap,CSE4033,CSE,4
Pavan Kapoor,CSE4034,CSE,4
Ishaan Mishra,CSE4035,CSE,4
Naveen Qureshi,CSE4036,CSE,4
Ishaan Joshi,CSE4037,CSE,4
Bhavya Varghese,CSE4038,CSE,4
Avni Bhatt,CSE4039,CSE,4
Rohan Pillai,CSE4040,CSE,4
Ishan Venkatesh,CSE4041,CSE,4
Ira Pillai,CSE4042,CSE,4
Ananya Varghese,CSE4043,CSE,4
Chaitra Dutta,CSE4044,CSE,4
Isha Mehta,CSE4045,CSE,4
Ayaan Karnik,CSE4046,CSE,4
Ishan Rao,CSE4047,CSE,4
Saanvi Dutta,CSE4048,CSE,4
Wasim Fernandes,CSE4049,CSE,4
Zoya Jain,CSE4050,CSE,4
Darsh Reddy,ECE4001,ECE,4
Mira Naidu,ECE4002,ECE,4
Bhavin Ghosh,ECE4003,ECE,4
Uday Menon,ECE4004,ECE,4
Dev Reddy,ECE4005,ECE,4
Arnav Nair,ECE4006,ECE,4
Riya Chakraborty,ECE4007,ECE,4
Esha Hegde,ECE4008,ECE,4
Riya Lohia,ECE4009,ECE,4
Deepak Nair,ECE4010,ECE,4
Varun Basu,ECE4011,ECE,4
Gauri Singh,ECE4012,ECE,4
Yash Patel,ECE4013,ECE,4
Rohan Agarwal,ECE4014,ECE,4
Jai Zaveri,ECE4015,ECE,4
Wasim Chandra,ECE4016,ECE,4
Amaya Ghosh,ECE4017,ECE,4
Zeenat Chakraborty,ECE4018,ECE,4
Chaitra Sharma,ECE4019,ECE,4
Zoya Dutta,ECE4020,ECE,4
Ayaan Qureshi,ECE4021,ECE,4
Ayaan Lohia,ECE4022,ECE,4
Karan Gupta,ECE4023,ECE,4
Chaitra Menon,ECE4024,ECE,4
Prithvi Gandhi,ECE4025,ECE,4
Ayaan Iyer,ECE4026,ECE,4
Heena Bhatt,ECE4027,ECE,4
Ananya Upadhyay,ECE4028,ECE,4
Varun Sinha,ECE4029,ECE,4
Arjun Shetty,ECE4030,ECE,4
Jai Qureshi,ECE4031,ECE,4
Shaurya Rao,ECE4032,ECE,4
Zubin Trivedi,ECE4033,ECE,4
Sahil Shetty,ECE4034,ECE,4
Prithvi Naidu,ECE4035,ECE,4
Kunal Patel,ECE4036,ECE,4
Rakesh Upadhyay,ECE4037,ECE,4
Yug Singh,ECE4038,ECE,4
Dhruv Lal,ECE4039,ECE,4
Krishna Hiremath,ECE4040,ECE,4
Gopal Joshi,ECE4041,ECE,4
Nisha Thakur,ECE4042,ECE,4
Irfan Lohia,ECE4043,ECE,4
Arnav Dixit,ECE4044,ECE,4
Rudra Sharma,ECE4045,ECE,4
Zoya Qureshi,ECE4046,ECE,4
Arjun Kashyap,ECE4047,ECE,4
Jaya Zhao,ECE4048,ECE,4
Neel Trivedi,ECE4049,ECE,4
Akash Lal,ECE4050,ECE,4
Lakshya Chopra,CSM4001,CSM,4
Zeenat Sharma,CSM4002,CSM,4
Farah Bose,CSM4003,CSM,4
Bhavya Naidu,CSM4004,CSM,4
Mehul Sen,CSM4005,CSM,4
Pari Nambiar,CSM4006,CSM,4
Aruna Thakur,CSM4007,CSM,4
Gopal Agarwal,CSM4008,CSM,4
Yamini Agarwal,CSM4009,CSM,4
Zeenat Sen,CSM4010,CSM,4
Arjun Menon,CSM4011,CSM,4
Aruna Jain,CSM4012,CSM,4
Ishan Lal,CSM4013,CSM,4
Kiara Reddy,CSM4014,CSM,4
Vineet Varghese,CSM4015,CSM,4
Akash Singh,CSM4016,CSM,4
Tejas Devaraj,CSM4017,CSM,4
Kunal Naidu,CSM4018,CSM,4
Samar Chakraborty,CSM4019,CSM,4
Amaya Singh,CSM4020,CSM,4
Ritul Kashyap,CSM4021,CSM,4
Bhavin Saxena,CSM4022,CSM,4
Dhruv Rastogi,CSM4023,CSM,4
Isha Yadav,CSM4024,CSM,4
Farhan Thakur,CSM4025,CSM,4
Tara Nambiar,CSM4026,CSM,4
Zeenat Hegde,CSM4027,CSM,4
Farah Desai,CSM4028,CSM,4
Varun Devaraj,CSM4029,CSM,4
Ira Ojha,CSM4030,CSM,4
Zubin Agarwal,CSM4031,CSM,4
Samar Acharya,CSM4032,CSM,4
Jaya Reddy,CSM4033,CSM,4
Naveen Agarwal,CSM4034,CSM,4
Ira Khan,CSM4035,CSM,4
Samira Rastogi,CSM4036,CSM,4
Dhruv Malhotra,CSM4037,CSM,4
Yash Sridhar,CSM4038,CSM,4
Bharat Bose,CSM4039,CSM,4
Ishan Wagh,CSM4040,CSM,4
Mohan Rao,CSM4041,CSM,4
Bhavya Menon,CSM4042,CSM,4
Bharat Desai,CSM4043,CSM,4
Farhan Nair,CSM4044,CSM,4
Aditi Khan,CSM4045,CSM,4
Ayaan Dixit,CSM4046,CSM,4
Rakesh Sen,CSM4047,CSM,4
Sahil Venkatesh,CSM4048,CSM,4
Mehul Desai,CSM4049,CSM,4
Riya Zaveri,CSM4050,CSM,4
Mehul Xavier,EEE4001,EEE,4
Komal Upadhyay,EEE4002,EEE,4
Sahil Verma,EEE4003,EEE,4
Anish Patel,EEE4004,EEE,4
Rahul Karnik,EEE4005,EEE,4
Aarav Rastogi,EEE4006,EEE,4
Ira Acharya,EEE4007,EEE,4
Aarav Iyer,EEE4008,EEE,4
Pranav Trivedi,EEE4009,EEE,4
Usha Dixit,EEE4010,EEE,4
Vineet Sridhar,EEE4011,EEE,4
Mohan Nair,EEE4012,EEE,4
Arnav Agarwal,EEE4013,EEE,4
Sneha Malhotra,EEE4014,EEE,4
Tara Pillai,EEE4015,EEE,4
Naveen Zaveri,EEE4016,EEE,4
Divya Iyer,EEE4017,EEE,4
Kiara Kashyap,EEE4018,EEE,4
Charan Mishra,EEE4019,EEE,4
Samar Zhao,EEE4020,EEE,4
Amaya Kulkarni,EEE4021,EEE,4
Shaurya Karnik,EEE4022,EEE,4
Shreya Nambiar,EEE4023,EEE,4
Akash Khan,EEE4024,EEE,4
Qadir Karnik,EEE4025,EEE,4
Uday Eapen,EEE4026,EEE,4
Farhan Saxena,EEE4027,EEE,4
Jaya Patel,EEE4028,EEE,4
Sahil Singh,EEE4029,EEE,4
Nisha Saxena,EEE4030,EEE,4
Tanvi Bose,EEE4031,EEE,4
Rohan Shah,EEE4032,EEE,4
Ojas Fernandes,EEE4033,EEE,4
Shreya Joshi,EEE4034,EEE,4
Irfan Eapen,EEE4035,EEE,4
Yamini Iyer,EEE4036,EEE,4
Anish Devaraj,EEE4037,EEE,4
Farah Srivastava,EEE4038,EEE,4
Nikhil Sharma,EEE4039,EEE,4
Mohan Thakur,EEE4040,EEE,4
Ishaan Hiremath,EEE4041,EEE,4
Esha Gopalakrishnan,EEE4042,EEE,4
Mehul Sridhar,EEE4043,EEE,4
Zara Desai,EEE4044,EEE,4
Qadir Mahajan,EEE4045,EEE,4
Naveen Wagh,EEE4046,EEE,4
Heena Patel,EEE4047,EEE,4
Varun Lohia,EEE4048,EEE,4
Ritul Zaveri,EEE4049,EEE,4
Sanya Verma,EEE4050,EEE,4
Pooja Dixit,CIV4001,CIV,4
Krishna Zaveri,CIV4002,CIV,4
Nikhil Mahajan,CIV4003,CIV,4
Ananya Karnik,CIV4004,CIV,4
Dev Menon,CIV4005,CIV,4
Anish Bhatt,CIV4006,CIV,4
Nikhil Upadhyay,CIV4007,CIV,4
Harsha Desai,CIV4008,CIV,4
Zara Iyengar,CIV4009,CIV,4
Tanvi Jain,CIV4010,CIV,4
Ira Rao,CIV4011,CIV,4
Rakesh Mahajan,CIV4012,CIV,4
Sahil Chandra,CIV4013,CIV,4
Aarav Upadhyay,CIV4014,CIV,4
Nisha Uttam,CIV4015,CIV,4
Nandini Yadav,CIV4016,CIV,4
Advait Devaraj,CIV4017,CIV,4
Vineet Ghosh,CIV4018,CIV,4
Usha Shetty,CIV4019,CIV,4
Yug Venkatesh,CIV4020,CIV,4
Chaitra Xavier,CIV4021,CIV,4
Sanya Naidu,CIV4022,CIV,4
Darsh Nambiar,CIV4023,CIV,4
Yash Joshi,CIV4024,CIV,4
Vineet Zhao,CIV4025,CIV,4
Mehul Zaveri,CIV4026,CIV,4
Zara Sharma,CIV4027,CIV,4
Janaki Sen,CIV4028,CIV,4
Divya Fernandes,CIV4029,CIV,4
Sahil Jain,CIV4030,CIV,4
Nandini Eapen,CIV4031,CIV,4
Riya Rao,CIV4032,CIV,4
Ishan Hiremath,CIV4033,CIV,4
Bharat Kulkarni,CIV4034,CIV,4
Bhavin Rastogi,CIV4035,CIV,4
Pranav Rastogi,CIV4036,CIV,4
Dev Bhatt,CIV4037,CIV,4
Jai Reddy,CIV4038,CIV,4
Mohan Sridhar,CIV4039,CIV,4
Ananya Gupta,CIV4040,CIV,4
Riya Sharma,CIV4041,CIV,4
Rohan Jain,CIV4042,CIV,4
Ayaan Sen,CIV4043,CIV,4
Pranav Kapoor,CIV4044,CIV,4
Ira Pandey,CIV4045,CIV,4
Sanya Kashyap,CIV4046,CIV,4
Mehul Ghosh,CIV4047,CIV,4
Zubin Varghese,CIV4048,CIV,4
Krishna Varghese,CIV4049,CIV,4
Tara Malhotra,CIV4050,CIV,4
Latha Nair,MECH4001,MECH,4
Yash Fernandes,MECH4002,MECH,4
Naveen Joshi,MECH4003,MECH,4
Wasim Desai,MECH4004,MECH,4
Sahil Dixit,MECH4005,MECH,4
Pranav Mahajan,MECH4006,MECH,4
Latha Mishra,MECH4007,MECH,4
Sneha Dixit,MECH4008,MECH,4
Divya Rastogi,MECH4009,MECH,4
Zeenat Saxena,MECH4010,MECH,4
Bhavya Singh,MECH4011,MECH,4
Rohan Khan,MECH4012,MECH,4
Sneha Mahajan,MECH4013,MECH,4
Dev Lal,MECH4014,MECH,4
Shreya Chopra,MECH4015,MECH,4
Charan Chakraborty,MECH4016,MECH,4
Mira Upadhyay,MECH4017,MECH,4
Pooja Sharma,MECH4018,MECH,4
Tejas Kapoor,MECH4019,MECH,4
Tara Shetty,MECH4020,MECH,4
Wasim Varghese,MECH4021,MECH,4
Dev Joshi,MECH4022,MECH,4
Naveen Fernandes,MECH4023,MECH,4
Zeenat Lal,MECH4024,MECH,4
Ayaan Kulkarni,MECH4025,MECH,4
Karan Zhao,MECH4026,MECH,4
Nisha Eapen,MECH4027,MECH,4
Vihaan Joshi,MECH4028,MECH,4
Tanvi Xavier,MECH4029,MECH,4
Ojas Menon,MECH4030,MECH,4
Prithvi Bose,MECH4031,MECH,4
Krishna Gandhi,MECH4032,MECH,4
Zubin Lohia,MECH4033,MECH,4
Yug Zhao,MECH4034,MECH,4
Uday Malhotra,MECH4035,MECH,4
Dev Bose,MECH4036,MECH,4
Naveen Kulkarni,MECH4037,MECH,4
Kunal Basu,MECH4038,MECH,4
Ritul Lohia,MECH4039,MECH,4
Sneha Mehta,MECH4040,MECH,4
Arnav Trivedi,MECH4041,MECH,4
Heena Chopra,MECH4042,MECH,4
Aisha Naidu,MECH4043,MECH,4
Pooja Lal,MECH4044,MECH,4
Shaurya Lal,MECH4045,MECH,4
Aisha Iyer,MECH4046,MECH,4
Irfan Karnik,MECH4047,MECH,4
Nandini Iyengar,MECH4048,MECH,4
Samira Wagh,MECH4049,MECH,4
Kavya Eapen,MECH4050,MECH,4
Usha Agarwal,CSD4001,CSD,4
Chaitra Devaraj,CSD4002,CSD,4
Avni Sridhar,CSD4003,CSD,4
Ananya Chopra,CSD4004,CSD,4
Meera Agarwal,CSD4005,CSD,4
Aarav Sen,CSD4006,CSD,4
Divya Gandhi,CSD4007,CSD,4
Jaya Trivedi,CSD4008,CSD,4
Pari Shah,CSD4009,CSD,4
Harsha Mehta,CSD4010,CSD,4
Uday Sharma,CSD4011,CSD,4
Vineet Khan,CSD4012,CSD,4
Farah Hegde,CSD4013,CSD,4
Ojas Wagh,CSD4014,CSD,4
Rahul Zhao,CSD4015,CSD,4
Naina Jain,CSD4016,CSD,4
Pari Pandey,CSD4017,CSD,4
Vani Lohia,CSD4018,CSD,4
Amaya Agarwal,CSD4019,CSD,4
Naveen Desai,CSD4020,CSD,4
Manav Naidu,CSD4021,CSD,4
Divya Chandra,CSD4022,CSD,4
Vani Sharma,CSD4023,CSD,4
Esha Upadhyay,CSD4024,CSD,4
Neel Upadhyay,CSD4025,CSD,4
Anish Desai,CSD4026,CSD,4
Shreya Pandey,CSD4027,CSD,4
Arnav Khan,CSD4028,CSD,4
Anika Iyengar,CSD4029,CSD,4
Dhruv Sridhar,CSD4030,CSD,4
Vihaan Qureshi,CSD4031,CSD,4
Mira Desai,CSD4032,CSD,4
Irfan Iyengar,CSD4033,CSD,4
Riya Trivedi,CSD4034,CSD,4
Shaurya Varghese,CSD4035,CSD,4
Samira Upadhyay,CSD4036,CSD,4
Rudra Sen,CSD4037,CSD,4
Nandini Patel,CSD4038,CSD,4
Ishita Desai,CSD4039,CSD,4
Tanvi Mehta,CSD4040,CSD,4
Arjun Mehta,CSD4041,CSD,4
Yug Ojha,CSD4042,CSD,4
Samar Gupta,CSD4043,CSD,4
Yash Mehta,CSD4044,CSD,4
Divya Gopalakrishnan,CSD4045,CSD,4
Qadir Naidu,CSD4046,CSD,4
Nisha Khan,CSD4047,CSD,4
Arjun Chandra,CSD4048,CSD,4
Zoya Verma,CSD4049,CSD,4
Veda Agarwal,CSD4050,CSD,4
